,,,,,,,,,,,,,,,,,,,,,,,,,,,,
,,,1,2,3,4,5,6,7,8,9,10,11,12,13,14,15,16,17,18,19,20,21,22,23,24,25,26
,,,Lip,Eyebrow,Throat,Cheek,Eyelid,Tongue,Nerve,Mole,Nail,Wrist,Finger,Backbone,Palm,Toe,Rib,Skin,Knee,Skull,Left Hand,Retina,Ring Finger,Neck,Chest Hair,Right Ear,Collarbone,Lat
,1,Lip,Share,,Copy,,Aroma,,Schedule,,History,Pair,Chart,,,,,,,,,,,,,,,
,2,Eyebrow,Chair,,Can,,Hit,,,Port,Again,Play,Nation,,,,,,,,,,,,,,,
,3,Throat,Style,Solid,Way,,,,,,New,Promise,,,,,,,,,,,,,,,,
,4,Cheek,Travel,,Lid,,,,,,Alert,Precise,,,,,,,,,,,,,,,,
,5,Eyelid,Account,Motion,Day,,,,,,Force,Ignore,,,,,,,,,,,,,,,,
,6,Tongue,Lock,Eject,Track,,Lava,,Call,Case,Automatic,Estimate,Glitch,,,,,,,,,,,,,,,
,7,Nerve,Fancy,Flex,Same,,Chill,,,,Stamp,Start,,,,,,,,,,,,,,,,
,8,Mole,Party,Hang,Enter,,,,,Pony,Electric,Imagine,,,,,,,,,,,,,,,,
,9,Nail,Hood,Advance,Center,,,,,,Mark,Complete,,,,,,,,,,,,,,,,
,10,Wrist,Band,Easy,Full,,,,,,Fire,Immortal,,,,,,,,,,,,,,,,
,11,Finger,Organ,Adjust,Fine,Pluto,Ocean,Either,Short,Back,Health,Distribute,Capacity,,,,,,,,,,,,,,,
,12,Backbone,,Summary,All,,,,,,Reverse,Bore,,,,,,,,,,,,,,,,
,13,Palm,,,Transfer,,,,,,Arrow,Hack,,,,,,,,,,,,,,,,
,14,Toe,,Separate,Reason,,,,,,Neutral,Clone,,,,,,,,,,,,,,,,
,15,Rib,,,Sponsor,,,,,,Gear,Fortune,,,,,,,,,,,,,,,,
,16,Skin,,,Kill,,,Need,,,Interest,Compare,,,,,,,,,,,,,,,,
,17,Knee,,Second,Announce,,,,,,Self,Trap,,,,,,,,,,,,,,,,
,18,Skull,,,Each,,,,,Fiber,Tube,Steer,,,,,,,,,,,,,,,,
,19,Left Hand,,,Care,,Cool,,,,Just,Freeze,,,,,,,,,,,,,,,,
,20,Retina,,Right,Some,,,,,,Paint,Shield,,,,,,,,,,,,,,,,
,21,Ring Finger,,Read,Me,,,,,,Belt,Manipulate,,,,,,,,,,,,,,,,
,22,Neck,,,Origin,,,,,,Vice,Memory,,,,,,,,,,,,,,,,
,23,Chest Hair,Example,Velocity,Formula,Dead,Transparent,Balance,Capsule,Orphan,Live,Tactic,Past,,,,,,,,,,,,,,,
,24,Right Ear,Bonsai,Speed,Craft,Bang,Frost,Less,Virus,Shadow,Scope,Special,Premise,,,,,,,,,,,,,,,
,25,Collarbone,Picture,Card,Brain,Be,Negative,Train,Mask,Knob,Matrix,Resume,Manual,,,,,,,,,,,,,,,
,26,Lat,Squad,Series,Knowledge,Send,Time,Flop,Ready,Venture,Secure,Hide,Make,,,,,,,,,,,,,,,